cgdivision,ownergroup,pmnum,pmdescription,jpdescription,nexttrigger,unitstogo,alias,assetdescription,locdescription,metername,lastreading,pmstatus,assetstatus,assetnum,frequency,tolerance,wonum,wodescription,reportdate,lastpmwogenread,dayslate,curjpdescription,unitslate
TRANSIT,TR-RALEIGH-WO,PM36737,8607 - SERVICE INSPECTION,CONVENTIONAL NEW FLYER - A SERVICE,1009954,-59899,8607,2012 - CONVENTIONAL NEW FLYER- 8607,DRT RALEIGH GARAGE,ODOMETER,1069853,ACTIVE,OPERATING,1200185,10000,1000,T1072959,8607 - SERVICE INSPECTION,2026-02-22 3:01,1069852,9,CONVENTIONAL NEW FLYER - B SERVICE,69899
TRANSIT,TR-RALEIGH-WO,PM36649,8574 - SERVICE INSPECTION,CONVENTIONAL NOVA - B SERVICE,826359,4988,8574,2017 - CONVENTIONAL NOVA  - 8574,DRT RALEIGH GARAGE,ODOMETER,821371,ACTIVE,OPERATING,1200163,10000,1000,T1072551,A service,2026-02-14 3:01,815841,17,CONVENTIONAL NOVA - A SERVICE,5012
TRANSIT,TR-RALEIGH-WO,PM36401,8509 - SERVICE INSPECTION,CONVENTIONAL NEW FLYER - C SERVICE,1185964,7326,8509,2011 - CONVENTIONAL NEW FLYER - 8509,DRT RALEIGH GARAGE,ODOMETER,1178638,ACTIVE,OPERATING,1200101,10000,1000,T1072636,8509 - SERVICE INSPECTION,2026-02-17 3:01,1175008,14,CONVENTIONAL NEW FLYER - A SERVICE,2674
TRANSIT,TR-WESTNEY-WO,PM36761,8613 - SERVICE INSPECTION,CONVENTIONAL NEW FLYER - B SERVICE,997321,7327,8613,2012 - CONVENTIONAL NEW FLYER- 8613,DRT WESTNEY GARAGE,ODOMETER,989994,ACTIVE,OPERATING,1200191,10000,1000,T1072905,8613 - SERVICE INSPECTION,2026-02-21 3:02,986895,10,CONVENTIONAL NEW FLYER - A SERVICE,2673
TRANSIT,TR-WESTNEY-WO,PM62124,6128 - SERVICE INSPECTION,CONVENTIONAL NOVA HYBRID - C SERVICE,242559,7362,6128,2022 - CONVENTIONAL NOVA HYBRID - 6128,DRT WESTNEY GARAGE,ODOMETER,235197,ACTIVE,OPERATING,1540695,10000,1000,T1073100,6128 - SERVICE INSPECTION,2026-02-24 3:05,232268,7,CONVENTIONAL NOVA HYBRID - A SERVICE,2638
TRANSIT,TR-RALEIGH-WO,PM36713,8601 - SERVICE INSPECTION,CONVENTIONAL NEW FLYER - B SERVICE,1063863,7454,8601,2012 - CONVENTIONAL NEW FLYER- 8601,DRT RALEIGH GARAGE,ODOMETER,1056409,ACTIVE,OPERATING,1200179,10000,1000,T1073090,8601 - SERVICE INSPECTION,2026-02-24 3:02,1053791,7,CONVENTIONAL NEW FLYER - A SERVICE,2546
TRANSIT,TR-WESTNEY-WO,PM37340,7104 - SERVICE INSPECTION,CONVENTIONAL NOVA - A SERVICE,382028,7512,7104,2021 - CONVENTIONAL NOVA - 7104,DRT WESTNEY GARAGE,ODOMETER,374516,ACTIVE,OPERATING,1200431,10000,1000,T1072713,7104 - SERVICE INSPECTION,2026-02-18 3:03,371265,13,CONVENTIONAL NOVA - D SERVICE,2488
TRANSIT,TR-WESTNEY-WO,PM63954,6142 - SERVICE INSPECTION,CONVENTIONAL NOVA - B SERVICE,158180,7636,6142,2024 - CONVENTIONAL NOVA - 6142,DRT WESTNEY GARAGE,ODOMETER,150544,ACTIVE,OPERATING,1565626,10000,1000,T1073081,6142 - SERVICE INSPECTION,2026-02-24 3:00,147861,7,CONVENTIONAL NOVA - A SERVICE,2364
TRANSIT,TR-WESTNEY-WO,PM61471,7119 - SERVICE INSPECTION,CONVENTIONAL NOVA - B SERVICE,389502,7649,7119,2022 - CONVENTIONAL NOVA - 7119,DRT WESTNEY GARAGE,ODOMETER,381853,ACTIVE,OPERATING,1250280,10000,1000,T1073082,7119 - SERVICE INSPECTION,2026-02-24 3:00,380724,7,CONVENTIONAL NOVA - A SERVICE,2351
TRANSIT,TR-WESTNEY-WO,PM36541,8544 - SERVICE INSPECTION,CONVENTIONAL NEW FLYER - A SERVICE,912022,7799,8544,2014 - CONVENTIONAL NEW FLYER - 8544,DRT WESTNEY GARAGE,ODOMETER,904223,ACTIVE,OPERATING,1200136,10000,1000,T1072902,8544 - SERVICE INSPECTION,2026-02-21 3:01,901340,10,CONVENTIONAL NEW FLYER - D SERVICE,2201
TRANSIT,TR-WESTNEY-WO,PM36537,8543 - SERVICE INSPECTION,CONVENTIONAL NEW FLYER - A SERVICE,870962,7835,8543,2013 - CONVENTIONAL NEW FLYER - 8543,DRT WESTNEY GARAGE,ODOMETER,863127,ACTIVE,OPERATING,1200135,10000,1000,T1073088,8543 - SERVICE INSPECTION,2026-02-24 3:02,860968,7,CONVENTIONAL NEW FLYER - B SERVICE,2165
TRANSIT,TR-WESTNEY-WO,PM36057,7101 - SERVICE INSPECTION,CONVENTIONAL NOVA - C SERVICE,560115,7901,7101,2018 - CONVENTIONAL NOVA - 7101,DRT WESTNEY GARAGE,ODOMETER,552214,ACTIVE,OPERATING,1200315,10000,1000,T1073083,7101 - SERVICE INSPECTION,2026-02-24 3:01,550103,7,CONVENTIONAL NOVA - A SERVICE,2099
TRANSIT,TR-WESTNEY-WO,PM37396,7108 - SERVICE INSPECTION,CONVENTIONAL NOVA - A SERVICE,404295,7943,7108,2021 - CONVENTIONAL NOVA - 7108,DRT WESTNEY GARAGE,ODOMETER,396352,ACTIVE,OPERATING,1200445,10000,1000,T1072912,7108 - SERVICE INSPECTION,2026-02-21 3:04,393868,10,CONVENTIONAL NOVA - B SERVICE,2057
TRANSIT,TR-WESTNEY-WO,PM61488,7122 - SERVICE INSPECTION,CONVENTIONAL NOVA - A SERVICE,380238,7985,7122,2022 - CONVENTIONAL NOVA - 7122,DRT WESTNEY GARAGE,ODOMETER,372253,ACTIVE,OPERATING,1250291,10000,1000,T1073172,7122 - SERVICE INSPECTION,2026-02-25 3:03,369257,6,CONVENTIONAL NOVA - B SERVICE,2015
TRANSIT,TR-WESTNEY-WO,PM36517,8538 - SERVICE INSPECTION,CONVENTIONAL NEW FLYER - C SERVICE,1095839,8072,8538,2013 - CONVENTIONAL NEW FLYER - 8538,DRT WESTNEY GARAGE,ODOMETER,1087767,ACTIVE,OPERATING,1200130,10000,1000,T1073087,8538 - SERVICE INSPECTION,2026-02-24 3:02,1085803,7,CONVENTIONAL NEW FLYER - A SERVICE,1928
TRANSIT,TR-WESTNEY-WO,PM63948,6136 - SERVICE INSPECTION,CONVENTIONAL NOVA - B SERVICE,173415,8101,6136,2024 - CONVENTIONAL NOVA - 6136,DRT WESTNEY GARAGE,ODOMETER,165314,ACTIVE,OPERATING,1565624,10000,1000,T1073080,6136 - SERVICE INSPECTION,2026-02-24 3:00,163587,7,CONVENTIONAL NOVA - A SERVICE,1899
TRANSIT,TR-RALEIGH-WO,PM36049,6112 - SERVICE INSPECTION,CONVENTIONAL NOVA - D SERVICE,616822,8148,6112,2018 - CONVENTIONAL NOVA - 6112,DRT RALEIGH GARAGE,ODOMETER,608674,ACTIVE,OPERATING,1200013,10000,1000,T1072709,6112 - SERVICE INSPECTION,2026-02-18 3:00,606578,13,CONVENTIONAL NOVA - A SERVICE,1852
TRANSIT,TR-RALEIGH-WO,PM36505,8535 - SERVICE INSPECTION,CONVENTIONAL NEW FLYER - A SERVICE,1171682,8163,8535,2012 - CONVENTIONAL NEW FLYER - 8535,DRT RALEIGH GARAGE,ODOMETER,1163519,ACTIVE,OPERATING,1200127,10000,1000,T1072903,8535 - SERVICE INSPECTION,2026-02-21 3:01,1160882,10,CONVENTIONAL NEW FLYER - B SERVICE,1837
TRANSIT,TR-RALEIGH-WO,PM36625,8568 - SERVICE INSPECTION,CONVENTIONAL NOVA - A SERVICE,687421,8333,8568,2017 - CONVENTIONAL NOVA  - 8568,DRT RALEIGH GARAGE,ODOMETER,679088,ACTIVE,OPERATING,1200157,10000,1000,T1072904,8568 - SERVICE INSPECTION,2026-02-21 3:02,676623,10,CONVENTIONAL NOVA - C SERVICE,1667
TRANSIT,TR-WESTNEY-WO,PM36525,8540 - SERVICE INSPECTION,CONVENTIONAL NEW FLYER - A SERVICE,918354,8336,8540,2013 - CONVENTIONAL NEW FLYER - 8540,DRT WESTNEY GARAGE,ODOMETER,910018,ACTIVE,OPERATING,1200132,10000,1000,T1072779,8540 - SERVICE INSPECTION,2026-02-19 3:01,907700,12,CONVENTIONAL NEW FLYER - B SERVICE,1664
TRANSIT,TR-WESTNEY-WO,PM36789,8620 - SERVICE INSPECTION,CONVENTIONAL NEW FLYER - B SERVICE,979726,8346,8620,2012 - CONVENTIONAL NEW FLYER- 8620,DRT WESTNEY GARAGE,ODOMETER,971380,ACTIVE,OPERATING,1200198,10000,1000,T1073092,8620 - SERVICE INSPECTION,2026-02-24 3:03,969437,7,CONVENTIONAL NEW FLYER - A SERVICE,1654
TRANSIT,TR-RALEIGH-WO,PM36677,8581 - SERVICE INSPECTION,CONVENTIONAL NOVA - A SERVICE,661045,8379,8581,2017 - CONVENTIONAL NOVA  - 8581,DRT RALEIGH GARAGE,ODOMETER,652666,ACTIVE,OPERATING,1200170,10000,1000,T1073089,8581 - SERVICE INSPECTION,2026-02-24 3:02,650271,7,CONVENTIONAL NOVA - B SERVICE,1621
TRANSIT,TR-RALEIGH-WO,PM36581,8557 - SERVICE INSPECTION,CONVENTIONAL NOVA - A SERVICE,837764,8669,8557,2015 - CONVENTIONAL NOVA LFS- 8557,DRT RALEIGH GARAGE,ODOMETER,829095,ACTIVE,OPERATING,1200146,10000,1000,T1073168,8557 - SERVICE INSPECTION,2026-02-25 3:01,826939,6,CONVENTIONAL NOVA - B SERVICE,1331
TRANSIT,TR-RALEIGH-WO,PM37205,4102 - SERVICE INSPECTION,ADMIN - A SERVICE,45182,3860,4102,2019 - FORD F-250 - 4102,DRT RALEIGH GARAGE,ODOMETER,41322,ACTIVE,OPERATING,1200333,5000,1000,T1070361,4102 - SERVICE INSPECTION,2026-01-15 3:03,39517,49,ADMIN - A SERVICE,1140
TRANSIT,TR-WESTNEY-WO,PM36513,8537 - SERVICE INSPECTION,CONVENTIONAL NEW FLYER - C SERVICE,1102423,8880,8537,2013 - CONVENTIONAL NEW FLYER - 8537,DRT WESTNEY GARAGE,ODOMETER,1093543,ACTIVE,OPERATING,1200129,10000,1000,T1073167,8537 - SERVICE INSPECTION,2026-02-25 3:01,1091511,6,CONVENTIONAL NEW FLYER - A SERVICE,1120
TRANSIT,TR-WESTNEY-WO,PM36009,6102 - SERVICE INSPECTION,CONVENTIONAL NOVA - B SERVICE,541326,9039,6102,2018 - CONVENTIONAL NOVA - 6102,DRT WESTNEY GARAGE,ODOMETER,532287,ACTIVE,OPERATING,1200003,10000,1000,T1072778,6102 - SERVICE INSPECTION,2026-02-19 3:00,530496,12,CONVENTIONAL NOVA - A SERVICE,961
TRANSIT,TR-WESTNEY-WO,PM36809,8625 - SERVICE INSPECTION,CONVENTIONAL NEW FLYER - D SERVICE,975086,9077,8625,2012 - CONVENTIONAL NEW FLYER- 8625,DRT WESTNEY GARAGE,ODOMETER,966009,ACTIVE,OPERATING,1200203,10000,1000,T1071214,8625 - SERVICE INSPECTION,2026-01-27 3:03,964089,37,CONVENTIONAL NEW FLYER - A SERVICE,923
TRANSIT,TR-WESTNEY-WO,PM36533,8542 - SERVICE INSPECTION,CONVENTIONAL NEW FLYER - A SERVICE,965759,9159,8542,2013 - CONVENTIONAL NEW FLYER - 8542,DRT WESTNEY GARAGE,ODOMETER,956600,ACTIVE,OPERATING,1200134,10000,1000,T1072238,8542 - SERVICE INSPECTION,2026-02-10 3:01,955626,21,CONVENTIONAL NEW FLYER - B SERVICE,841
TRANSIT,TR-WESTNEY-WO,PM63953,6141 - SERVICE INSPECTION,CONVENTIONAL NOVA - A SERVICE,174508,9179,6141,2024 - CONVENTIONAL NOVA - 6141,DRT WESTNEY GARAGE,ODOMETER,165329,ACTIVE,OPERATING,1565623,10000,1000,T1073386,6141 - SERVICE INSPECTION,2026-02-28 3:00,163802,3,CONVENTIONAL NOVA - B SERVICE,821
TRANSIT,TR-WESTNEY-WO,PM36509,8536 - SERVICE INSPECTION,CONVENTIONAL NEW FLYER - D SERVICE,1062711,9207,8536,2013 - CONVENTIONAL NEW FLYER - 8536,DRT WESTNEY GARAGE,ODOMETER,1053504,ACTIVE,OPERATING,1200128,10000,1000,T1073390,8536 - SERVICE INSPECTION,2026-02-28 3:01,1052611,3,CONVENTIONAL NEW FLYER - A SERVICE,793
TRANSIT,TR-RALEIGH-WO,PM36729,8605 - SERVICE INSPECTION,CONVENTIONAL NEW FLYER - D SERVICE,989742,9215,8605,2012 - CONVENTIONAL NEW FLYER- 8605,DRT RALEIGH GARAGE,ODOMETER,980527,ACTIVE,OPERATING,1200183,10000,1000,T1073393,8605 - SERVICE INSPECTION,2026-02-28 3:02,978936,3,CONVENTIONAL NEW FLYER - A SERVICE,785
TRANSIT,TR-RALEIGH-WO,PM36033,6108 - SERVICE INSPECTION,CONVENTIONAL NOVA - B SERVICE,625009,9518,6108,2018 - CONVENTIONAL NOVA - 6108,DRT RALEIGH GARAGE,ODOMETER,615491,ACTIVE,OPERATING,1200009,10000,1000,T1073323,6108 - SERVICE INSPECTION,2026-02-27 3:00,614189,4,CONVENTIONAL NOVA - A SERVICE,482
TRANSIT,TR-WESTNEY-WO,PM62117,6121 - SERVICE INSPECTIONS,CONVENTIONAL NOVA HYBRID - B SERVICE,254347,9531,6121,2022 - CONVENTIONAL NOVA HYBRID - 6121,DRT WESTNEY GARAGE,ODOMETER,244816,ACTIVE,OPERATING,1540687,10000,1000,T1073175,6121 - SERVICE INSPECTIONS done with T1073266,2026-02-25 3:04,243393,6,CONVENTIONAL NOVA HYBRID - A SERVICE,469
TRANSIT,TR-RALEIGH-WO,PM37356,7111 - SERVICE INSPECTION,CONVENTIONAL NOVA - A SERVICE,320005,9572,7111,2021 - CONVENTIONAL NOVA - 7111,DRT RALEIGH GARAGE,ODOMETER,310433,ACTIVE,OPERATING,1200435,10000,1000,T1067603,7111 - SERVICE INSPECTION,2025-12-01 0:06,310005,92,CONVENTIONAL NOVA - B SERVICE,428
TRANSIT,TR-RALEIGH-WO,PM36357,8471 - SERVICE INSPECTION,CONVENTIONAL NEW FLYER - A SERVICE,1015143,9575,8471,2010 - CONVENTIONAL NEW FLYER - 8471,DRT RALEIGH GARAGE,ODOMETER,1005568,ACTIVE,OPERATING,1200090,10000,1000,T1072900,8471 - SERVICE INSPECTION,2026-02-21 3:00,1004155,10,CONVENTIONAL NEW FLYER - C SERVICE,425
TRANSIT,TR-WESTNEY-WO,PM36785,8619 - SERVICE INSPECTION,CONVENTIONAL NEW FLYER - B SERVICE,973100,9602,8619,2012 - CONVENTIONAL NEW FLYER- 8619,DRT WESTNEY GARAGE,ODOMETER,963498,ACTIVE,OPERATING,1200197,10000,1000,T1073169,8619 - SERVICE INSPECTION,2026-02-25 3:02,962302,6,CONVENTIONAL NEW FLYER - A SERVICE,398
TRANSIT,TR-WESTNEY-WO,PM62641,MEW67 - SERVICE INSPECTION,MEW 07 - B SERVICE,1356,-11,MEW67,MEW67 - UTV - KUBOTA,DRT WESTNEY GARAGE,RUNHOURS,1367,ACTIVE,OPERATING,1558330,200,0,T1072718,MEW67 - SERVICE INSPECTION,2026-02-18 3:04,1345,13,MEW 07 - A SERVICE,211
TRANSIT,TR-WESTNEY-WO,PM36813,8626 - SERVICE INSPECTION,CONVENTIONAL NEW FLYER - A SERVICE,1031906,9871,8626,2012 - CONVENTIONAL NEW FLYER- 8626,DRT WESTNEY GARAGE,ODOMETER,1022035,ACTIVE,OPERATING,1200204,10000,1000,T1073394,8626 - SERVICE INSPECTION,2026-02-28 3:02,1021635,3,CONVENTIONAL NEW FLYER - D SERVICE,129
TRANSIT,TR-WESTNEY-WO,PM37388,7106 - SERVICE INSPECTION,CONVENTIONAL NOVA - A SERVICE,372114,9942,7106,2021 - CONVENTIONAL NOVA - 7106,DRT WESTNEY GARAGE,ODOMETER,362172,ACTIVE,OPERATING,1200443,10000,1000,T1073400,7106 - SERVICE INSPECTION,2026-02-28 3:04,361729,3,CONVENTIONAL NOVA - D SERVICE,58
TRANSIT,TR-RALEIGH-WO,PM36609,8564 - SERVICE INSPECTION,CONVENTIONAL NOVA - C SERVICE,714800,10000,8564,2016 - CONVENTIONAL NOVA LFS- 8564,DRT RALEIGH GARAGE,ODOMETER,704800,ACTIVE,OPERATING,1200153,10000,1000,T1073554,8564 - SERVICE INSPECTION,2026-03-03 3:02,704800,0,CONVENTIONAL NOVA - A SERVICE,0
TRANSIT,TR-RALEIGH-WO,PM36689,8584 - SERVICE INSPECTION,CONVENTIONAL NOVA - B SERVICE,680069,10017,8584,2017 - CONVENTIONAL NOVA  - 8584,DRT RALEIGH GARAGE,ODOMETER,670052,ACTIVE,OPERATING,1200173,10000,1000,T1073392,8584 - SERVICE INSPECTION,2026-02-28 3:02,669417,3,CONVENTIONAL NOVA - A SERVICE,0
TRANSIT,TR-WESTNEY-WO,PM36389,8506 - SERVICE INSPECTION,CONVENTIONAL NEW FLYER - A SERVICE,1111931,10181,8506,2011 - CONVENTIONAL NEW FLYER - 8506,DRT WESTNEY GARAGE,ODOMETER,1101750,ACTIVE,OPERATING,1200098,10000,1000,T1073548,8506 - SERVICE INSPECTION,2026-03-03 3:00,1101750,0,CONVENTIONAL NEW FLYER - B SERVICE,0
TRANSIT,TR-RALEIGH-WO,PM36665,8578 - SERVICE INSPECTION,CONVENTIONAL NOVA - A SERVICE,823771,10202,8578,2017 - CONVENTIONAL NOVA  - 8578,DRT RALEIGH GARAGE,ODOMETER,813569,ACTIVE,OPERATING,1200167,10000,1000,T1073555,8578 - SERVICE INSPECTION,2026-03-03 3:02,813150,0,CONVENTIONAL NOVA - B SERVICE,0
TRANSIT,TR-RALEIGH-WO,PM37420,4108 - SERVICE INSPECTION,ADMIN - B SERVICE,94152,222,4108,2022 - HYUNDAI TUCSON - HYBRID - 4108,DRT RALEIGH GARAGE,ODOMETER,93930,ACTIVE,OPERATING,1200452,5000,1000,,,,0,0,,0
TRANSIT,TR-RALEIGH-WO,PM36613,8565 - SERVICE INSPECTION,CONVENTIONAL NOVA - D SERVICE,693948,10272,8565,2016 - CONVENTIONAL NOVA LFS- 8565,DRT RALEIGH GARAGE,ODOMETER,683676,ACTIVE,OPERATING,1200154,10000,1000,T1073438,8565 - SERVICE INSPECTION,2026-03-01 3:01,683253,2,CONVENTIONAL NOVA - A SERVICE,0
TRANSIT,TR-RALEIGH-WO,PM36721,8603 - SERVICE INSPECTION,CONVENTIONAL NEW FLYER - D SERVICE,970687,10303,8603,2012 - CONVENTIONAL NEW FLYER- 8603,DRT RALEIGH GARAGE,ODOMETER,960384,ACTIVE,OPERATING,1200181,10000,1000,T1073556,8603 - SERVICE INSPECTION,2026-03-03 3:02,959932,0,CONVENTIONAL NEW FLYER - A SERVICE,0
TRANSIT,TR-RALEIGH-WO,PM37081,9102 - SERVICE INSPECTION,NOVA ARTICULATED CONVENTIONAL  - A SERVICE,350283,10390,9102,2020 - CONVENTIONAL NOVA ARTICULATED - 9102,DRT RALEIGH GARAGE,ODOMETER,339893,ACTIVE,OPERATING,1200305,10000,1000,T1073561,9102 - SERVICE INSPECTION,2026-03-03 3:03,339605,0,NOVA ARTICULATED CONVENTIONAL  - C SERVICE,0
TRANSIT,TR-RALEIGH-WO,PM37203,4101 - SERVICE INSPECTION,ADMIN - B SERVICE,159903,5458,4101,2019 - FORD ESCAPE - 4101,DRT RALEIGH GARAGE,ODOMETER,154445,ACTIVE,OPERATING,1200332,5000,1000,T1072399,4101 - SERVICE INSPECTION,2026-02-12 3:02,153991,19,ADMIN - A SERVICE,0
TRANSIT,TR-RALEIGH-WO,PM36521,8539 - SERVICE INSPECTION,CONVENTIONAL NEW FLYER - B SERVICE,887050,10484,8539,2013 - CONVENTIONAL NEW FLYER - 8539,DRT RALEIGH GARAGE,ODOMETER,876566,ACTIVE,OPERATING,1200131,10000,1000,T1073549,8539 - SERVICE INSPECTION,2026-03-03 3:01,876566,0,CONVENTIONAL NEW FLYER - A SERVICE,0
TRANSIT,TR-RALEIGH-WO,PM36577,8556 - SERVICE INSPECTION,CONVENTIONAL NOVA - B SERVICE,817964,10500,8556,2015 - CONVENTIONAL NOVA LFS- 8556,DRT RALEIGH GARAGE,ODOMETER,807464,ACTIVE,OPERATING,1200145,10000,1000,T1073553,8556 - SERVICE INSPECTION,2026-03-03 3:01,807058,0,CONVENTIONAL NOVA - A SERVICE,0
TRANSIT,TR-RALEIGH-WO,PM37364,7113 - SERVICE INSPECTION,CONVENTIONAL NOVA - A SERVICE,414434,755,7113,2021 - CONVENTIONAL NOVA - 7113,DRT RALEIGH GARAGE,ODOMETER,413679,ACTIVE,OPERATING,1200437,10000,1000,,,,0,0,,0
TRANSIT,TR-WESTNEY-WO,PM64355,8591 - SERVICE INSPECTION,CONVENTIONAL NEW FLYER - D SERVICE,875164,797,8591,2014 - CONVENTIONAL NEW FLYER - 8591,DRT WESTNEY GARAGE,ODOMETER,874367,ACTIVE,OPERATING,1566390,10000,1000,,,,0,0,,0
TRANSIT,TR-RALEIGH-WO,PM37368,7114 - SERVICE INSPECTION,CONVENTIONAL NOVA - A SERVICE,371018,821,7114,2021 - CONVENTIONAL NOVA - 7114,DRT RALEIGH GARAGE,ODOMETER,370197,ACTIVE,OPERATING,1200438,10000,1000,,,,0,0,,0
TRANSIT,TR-WESTNEY-WO,PM36549,8546 - SERVICE INSPECTION,CONVENTIONAL NEW FLYER - A SERVICE,831878,10832,8546,2014 - CONVENTIONAL NEW FLYER - 8546,DRT WESTNEY GARAGE,ODOMETER,821046,ACTIVE,OPERATING,1200138,10000,1000,T1073391,8546 - SERVICE INSPECTION,2026-02-28 3:01,821046,3,CONVENTIONAL NEW FLYER - B SERVICE,0
TRANSIT,TR-RALEIGH-WO,PM36749,8610 - SERVICE INSPECTION,CONVENTIONAL NEW FLYER - A SERVICE,942338,10855,8610,2012 - CONVENTIONAL NEW FLYER- 8610,DRT RALEIGH GARAGE,ODOMETER,931483,ACTIVE,OPERATING,1200188,10000,1000,T1073557,8610 - SERVICE INSPECTION,2026-03-03 3:03,931471,0,CONVENTIONAL NEW FLYER - B SERVICE,0
TRANSIT,TR-RALEIGH-WO,PM36645,8573 - SERVICE INSPECTION,CONVENTIONAL NOVA - C SERVICE,860108,10879,8573,2017 - CONVENTIONAL NOVA  - 8573,DRT RALEIGH GARAGE,ODOMETER,849229,ACTIVE,OPERATING,1200162,10000,1000,T1072239,8573 - SERVICE INSPECTION,2026-02-10 3:02,844333,21,CONVENTIONAL NOVA - A SERVICE,0
TRANSIT,TR-WESTNEY-WO,PM36477,8528 - SERVICE INSPECTION,CONVENTIONAL NEW FLYER - A SERVICE,1148907,10930,8528,2012 - CONVENTIONAL NEW FLYER - 8528,DRT WESTNEY GARAGE,ODOMETER,1137977,ACTIVE,OPERATING,1200120,10000,1000,T1073388,8528 - SERVICE INSPECTION,2026-02-28 3:01,1137977,3,CONVENTIONAL NEW FLYER - C SERVICE,0
TRANSIT,TR-WESTNEY-WO,PM36821,8708 - SERVICE INSPECTION,ADMIN - A SERVICE,77866,1116,8708,2011 - FORD 350 PICK UP - 8708,DRT WESTNEY GARAGE,ODOMETER,76750,ACTIVE,OPERATING,1200206,5000,1000,,,,0,0,,0
TRANSIT,TR-WESTNEY-WO,PM37380,7117 - SERVICE INSPECTION,CONVENTIONAL NOVA - A SERVICE,333254,1171,7117,2021 - CONVENTIONAL NOVA - 7117,DRT WESTNEY GARAGE,ODOMETER,332083,ACTIVE,OPERATING,1200441,10000,1000,,,,0,0,,0
TRANSIT,TR-WESTNEY-WO,PM61479,7121 - SERVICE INSPECTION,CONVENTIONAL NOVA - C SERVICE,338538,1281,7121,2022 - CONVENTIONAL NOVA - 7121,DRT WESTNEY GARAGE,ODOMETER,337257,ACTIVE,OPERATING,1250283,10000,1000,,,,0,0,,0
TRANSIT,TR-RALEIGH-WO,PM64455,6150 - SERVICE INSPECTION,CONVENTIONAL NOVA - C SERVICE,130737,1317,6150,2024 - CONVENTIONAL NOVA - 6150,DRT RALEIGH GARAGE,ODOMETER,129420,ACTIVE,OPERATING,1567920,10000,1000,,,,0,0,,0
TRANSIT,TR-WESTNEY-WO,PM36825,8709 - SERVICE INSPECTION,ADMIN - B SERVICE,110518,1327,8709,2012 - FORD 350 PICK UP - 8709,DRT WESTNEY GARAGE,ODOMETER,109191,ACTIVE,OPERATING,1200207,5000,1000,,,,0,0,,0
TRANSIT,TR-RALEIGH-WO,PM36585,8558 - SERVICE INSPECTION,CONVENTIONAL NOVA - A SERVICE,724833,1358,8558,2015 - CONVENTIONAL NOVA LFS- 8558,DRT RALEIGH GARAGE,ODOMETER,723475,ACTIVE,OPERATING,1200147,10000,1000,,,,0,0,,0
TRANSIT,TR-RALEIGH-WO,PM36621,8567 - SERVICE INSPECTION,CONVENTIONAL NOVA - A SERVICE,682781,1358,8567,2017 - CONVENTIONAL NOVA  - 8567,DRT RALEIGH GARAGE,ODOMETER,681423,ACTIVE,OPERATING,1200156,10000,1000,,,,0,0,,0
TRANSIT,TR-RALEIGH-WO,PM37392,7107 - SERVICE INSPECTION,CONVENTIONAL NOVA - A SERVICE,393906,1374,7107,2021 - CONVENTIONAL NOVA - 7107,DRT RALEIGH GARAGE,ODOMETER,392532,ACTIVE,OPERATING,1200444,10000,1000,,,,0,0,,0
TRANSIT,TR-RALEIGH-WO,PM37093,9105 - SERVICE INSPECTION,NOVA ARTICULATED CONVENTIONAL  - D SERVICE,297964,1404,9105,2020 - CONVENTIONAL NOVA ARTICULATED - 9105,DRT RALEIGH GARAGE,ODOMETER,296560,ACTIVE,OPERATING,1200308,10000,1000,,,,0,0,,0
TRANSIT,TR-RALEIGH-WO,PM36557,8551 - SERVICE INSPECTION,CONVENTIONAL NOVA - A SERVICE,775540,1417,8551,2015 - CONVENTIONAL NOVA LFS- 8551,DRT RALEIGH GARAGE,ODOMETER,774123,ACTIVE,OPERATING,1200140,10000,1000,,,,0,0,,0
TRANSIT,TR-WESTNEY-WO,PM36461,8524 - SERVICE INSPECTION,CONVENTIONAL NEW FLYER - A SERVICE,1151195,1478,8524,2012 - CONVENTIONAL NEW FLYER - 8524,DRT WESTNEY GARAGE,ODOMETER,1149717,ACTIVE,OPERATING,1200116,10000,1000,,,,0,0,,0
TRANSIT,TR-RALEIGH-WO,PM37073,9100 - SERVICE INSPECTION,NOVA ARTICULATED CONVENTIONAL  - A SERVICE,348746,1498,9100,2020 - CONVENTIONAL NOVA ARTICULATED - 9100,DRT RALEIGH GARAGE,ODOMETER,347248,ACTIVE,OPERATING,1200303,10000,1000,,,,0,0,,0
TRANSIT,TR-WESTNEY-WO,PM36753,8611 - SERVICE INSPECTION,CONVENTIONAL NEW FLYER - D SERVICE,1041281,1618,8611,2012 - CONVENTIONAL NEW FLYER- 8611,DRT WESTNEY GARAGE,ODOMETER,1039663,ACTIVE,OPERATING,1200189,10000,1000,,,,0,0,,0
TRANSIT,TR-RALEIGH-WO,PM37404,7110 - SERVICE INSPECTION,CONVENTIONAL NOVA - A SERVICE,449470,1626,7110,2021 - CONVENTIONAL NOVA - 7110,DRT RALEIGH GARAGE,ODOMETER,447844,ACTIVE,OPERATING,1200447,10000,1000,,,,0,0,,0
TRANSIT,TR-WESTNEY-WO,PM36369,8501 - SERVICE INSPECTION,CONVENTIONAL NEW FLYER - A SERVICE,1196797,1638,8501,2011 - CONVENTIONAL NEW FLYER - 8501,DRT WESTNEY GARAGE,ODOMETER,1195159,ACTIVE,OPERATING,1200093,10000,1000,,,,0,0,,0
TRANSIT,TR-RALEIGH-WO,PM36685,8583 - SERVICE INSPECTION,CONVENTIONAL NOVA - B SERVICE,680861,1852,8583,2017 - CONVENTIONAL NOVA  - 8583,DRT RALEIGH GARAGE,ODOMETER,679009,ACTIVE,OPERATING,1200172,10000,1000,,,,0,0,,0
TRANSIT,TR-WESTNEY-WO,PM37376,7116 - SERVICE INSPECTION,CONVENTIONAL NOVA - B SERVICE,390122,1888,7116,2021 - CONVENTIONAL NOVA - 7116,DRT WESTNEY GARAGE,ODOMETER,388234,ACTIVE,OPERATING,1200440,10000,1000,,,,0,0,,0
TRANSIT,TR-WESTNEY-WO,PM36489,8531 - SERVICE INSPECTION,CONVENTIONAL NEW FLYER - A SERVICE,1125793,2027,8531,2012 - CONVENTIONAL NEW FLYER - 8531,DRT WESTNEY GARAGE,ODOMETER,1123766,ACTIVE,OPERATING,1200123,10000,1000,,,,0,0,,0
TRANSIT,TR-RALEIGH-WO,PM64365,6137 - SERVICE INSPECTION,CONVENTIONAL NOVA - A SERVICE,158583,2044,6137,2024 - CONVENTIONAL NOVA - 6137,DRT RALEIGH GARAGE,ODOMETER,156539,ACTIVE,OPERATING,1567268,10000,1000,,,,0,0,,0
TRANSIT,TR-WESTNEY-WO,PM64626,6157 - SERVICE INSPECTION,CONVENTIONAL NOVA - A SERVICE,94761,2179,6157,2024 - CONVENTIONAL NOVA - 6157,DRT WESTNEY GARAGE,ODOMETER,92582,ACTIVE,OPERATING,1568404,10000,1000,,,,0,0,,0
TRANSIT,TR-RALEIGH-WO,PM36633,8570 - SERVICE INSPECTION,CONVENTIONAL NOVA - A SERVICE,736694,2182,8570,2017 - CONVENTIONAL NOVA  - 8570,DRT RALEIGH GARAGE,ODOMETER,734512,ACTIVE,OPERATING,1200159,10000,1000,,,,0,0,,0
TRANSIT,TR-RALEIGH-WO,PM36669,8579 - SERVICE INSPECTION,CONVENTIONAL NOVA - B SERVICE,665725,2201,8579,2017 - CONVENTIONAL NOVA  - 8579,DRT RALEIGH GARAGE,ODOMETER,663524,ACTIVE,OPERATING,1200168,10000,1000,,,,0,0,,0
TRANSIT,TR-RALEIGH-WO,PM37209,4104 - SERVICE INSPECTION,ADMIN - A SERVICE,114156,2223,4104,2020 - FORD EQUINOX - 4104,DRT RALEIGH GARAGE,ODOMETER,111933,ACTIVE,OPERATING,1200335,5000,1000,,,,0,0,,0
TRANSIT,TR-RALEIGH-WO,PM37422,4109 - SERVICE INSPECTION,ADMIN - A SERVICE,128412,2297,4109,2022 - HYUNDAI TUCSON - HYBRID - 4109,DRT RALEIGH GARAGE,ODOMETER,126115,ACTIVE,OPERATING,1200453,5000,1000,,,,0,0,,0
TRANSIT,TR-RALEIGH-WO,PM36717,8602 - SERVICE INSPECTION,CONVENTIONAL NEW FLYER - B SERVICE,1033276,2420,8602,2012 - CONVENTIONAL NEW FLYER- 8602,DRT RALEIGH GARAGE,ODOMETER,1030856,ACTIVE,OPERATING,1200180,10000,1000,,,,0,0,,0
TRANSIT,TR-RALEIGH-WO,PM37211,4105 - SERVICE INSPECTION,ADMIN - A SERVICE,27870,2520,4105,2020 - FORD ESCAPE - 4105,DRT RALEIGH GARAGE,ODOMETER,25350,ACTIVE,OPERATING,1200336,5000,1000,,,,0,0,,0
TRANSIT,TR-RALEIGH-WO,PM36037,6109 - SERVICE INSPECTION,CONVENTIONAL NOVA - D SERVICE,576797,2533,6109,2018 - CONVENTIONAL NOVA - 6109,DRT RALEIGH GARAGE,ODOMETER,574264,ACTIVE,OPERATING,1200010,10000,1000,,,,0,0,,0
TRANSIT,TR-RALEIGH-WO,PM36353,8470 - SERVICE INSPECTION,CONVENTIONAL NEW FLYER - B SERVICE,778870,2539,8470,2009 - CONVENTIONAL NEW FLYER - 8470,DRT RALEIGH GARAGE,ODOMETER,776331,ACTIVE,OPERATING,1200089,10000,1000,,,,0,0,,0
TRANSIT,TR-RALEIGH-WO,PM37085,9103 - SERVICE INSPECTION,NOVA ARTICULATED CONVENTIONAL  - C SERVICE,357522,2649,9103,2020 - CONVENTIONAL NOVA ARTICULATED - 9103,DRT RALEIGH GARAGE,ODOMETER,354873,ACTIVE,OPERATING,1200306,10000,1000,,,,0,0,,0
TRANSIT,TR-WESTNEY-WO,PM36777,8617 - SERVICE INSPECTION,CONVENTIONAL NEW FLYER - A SERVICE,1021969,2770,8617,2012 - CONVENTIONAL NEW FLYER- 8617,DRT WESTNEY GARAGE,ODOMETER,1019199,ACTIVE,OPERATING,1200195,10000,1000,,,,0,0,,0
TRANSIT,TR-RALEIGH-WO,PM36025,6106 - SERVICE INSPECTION,CONVENTIONAL NOVA - A SERVICE,598613,2781,6106,2018 - CONVENTIONAL NOVA - 6106,DRT RALEIGH GARAGE,ODOMETER,595832,ACTIVE,OPERATING,1200007,10000,1000,,,,0,0,,0
TRANSIT,TR-WESTNEY-WO,PM64590,6144 - SERVICE INSPECTION,CONVENTIONAL NOVA - A SERVICE,159801,2825,6144,2024 - CONVENTIONAL NOVA - 6144,DRT WESTNEY GARAGE,ODOMETER,156976,ACTIVE,OPERATING,1566104,10000,1000,,,,0,0,,0
TRANSIT,TR-WESTNEY-WO,PM36877,8770 - SERVICE INSPECTION,ADMIN - A SERVICE,93392,3145,8770,2018 - FORD ESCAPE - 8770,DRT WESTNEY GARAGE,ODOMETER,90247,ACTIVE,OPERATING,1200220,5000,1000,,,,0,0,,0
TRANSIT,TR-RALEIGH-WO,PM37352,9107 - SERVICE INSPECTION,NOVA ARTICULATED CONVENTIONAL  - A SERVICE,285023,3185,9107,2021 - CONVENTIONAL NOVA ARTICULATED - 9107,DRT RALEIGH GARAGE,ODOMETER,281838,ACTIVE,OPERATING,1200434,10000,1000,,,,0,0,,0
TRANSIT,TR-WESTNEY-WO,PM36465,8525 - SERVICE INSPECTION,CONVENTIONAL NEW FLYER - C SERVICE,1115309,3188,8525,2012 - CONVENTIONAL NEW FLYER - 8525,DRT WESTNEY GARAGE,ODOMETER,1112121,ACTIVE,OPERATING,1200117,10000,1000,,,,0,0,,0
TRANSIT,TR-RALEIGH-WO,PM36745,8609 - SERVICE INSPECTION,CONVENTIONAL NEW FLYER - B SERVICE,1056870,3245,8609,2012 - CONVENTIONAL NEW FLYER- 8609,DRT RALEIGH GARAGE,ODOMETER,1053625,ACTIVE,OPERATING,1200187,10000,1000,,,,0,0,,0
TRANSIT,TR-RALEIGH-WO,PM64459,6134 - SERVICE INSPECTION,CONVENTIONAL NOVA - A SERVICE,54112,3283,6134,2024 - ELECTRIC NOVA - 6134,DRT RALEIGH GARAGE,ODOMETER,50829,ACTIVE,OPERATING,1567921,10000,1000,,,,0,0,,0
TRANSIT,TR-WESTNEY-WO,PM63952,6138 - SERVICE INSPECTION,CONVENTIONAL NOVA - A SERVICE,180654,3296,6138,2024 - CONVENTIONAL NOVA - 6138,DRT WESTNEY GARAGE,ODOMETER,177358,ACTIVE,OPERATING,1565625,10000,1000,,,,0,0,,0
TRANSIT,TR-RALEIGH-WO,PM36397,8508 - SERVICE INSPECTION,CONVENTIONAL NEW FLYER - A SERVICE,1152871,3377,8508,2011 - CONVENTIONAL NEW FLYER - 8508,DRT RALEIGH GARAGE,ODOMETER,1149494,ACTIVE,OPERATING,1200100,10000,1000,,,,0,0,,0
TRANSIT,TR-RALEIGH-WO,PM36453,8522 - SERVICE INSPECTION,CONVENTIONAL NEW FLYER - C SERVICE,1138201,3395,8522,2012 - CONVENTIONAL NEW FLYER - 8522,DRT RALEIGH GARAGE,ODOMETER,1134806,ACTIVE,OPERATING,1200114,10000,1000,,,,0,0,,0
TRANSIT,TR-WESTNEY-WO,PM62118,6122 - SERVICE INSPECTIONS,CONVENTIONAL NOVA HYBRID - A SERVICE,272901,3894,6122,2022 - CONVENTIONAL NOVA HYBRID - 6122,DRT WESTNEY GARAGE,ODOMETER,269007,ACTIVE,OPERATING,1540688,10000,1000,,,,0,0,,0
TRANSIT,TR-RALEIGH-WO,PM36873,8769 - SERVICE INSPECTION,ADMIN - A SERVICE,115895,4097,8769,2018 - FORD ESCAPE - 8769,DRT RALEIGH GARAGE,ODOMETER,111798,ACTIVE,OPERATING,1200219,5000,1000,,,,0,0,,0
TRANSIT,TR-RALEIGH-WO,PM36741,8608 - SERVICE INSPECTION,CONVENTIONAL NEW FLYER - A SERVICE,998275,4141,8608,2012 - CONVENTIONAL NEW FLYER- 8608,DRT RALEIGH GARAGE,ODOMETER,994134,ACTIVE,OPERATING,1200186,10000,1000,,,,0,0,,0
TRANSIT,TR-WESTNEY-WO,PM64610,6153 - SERVICE INSPECTION,CONVENTIONAL NOVA - A SERVICE,102667,4169,6153,2024 - CONVENTIONAL NOVA - 6153,DRT WESTNEY GARAGE,ODOMETER,98498,ACTIVE,OPERATING,1568343,10000,1000,,,,0,0,,0
TRANSIT,TR-RALEIGH-WO,PM36617,8566 - SERVICE INSPECTION,CONVENTIONAL NOVA - A SERVICE,644117,4316,8566,2017 - CONVENTIONAL NOVA  - 8566,DRT RALEIGH GARAGE,ODOMETER,639801,ACTIVE,OPERATING,1200155,10000,1000,,,,0,0,,0
TRANSIT,TR-WESTNEY-WO,PM36529,8541 - SERVICE INSPECTION,CONVENTIONAL NEW FLYER - A SERVICE,920548,4377,8541,2013 - CONVENTIONAL NEW FLYER - 8541,DRT WESTNEY GARAGE,ODOMETER,916171,ACTIVE,OPERATING,1200133,10000,1000,,,,0,0,,0
TRANSIT,TR-RALEIGH-WO,PM36013,6103 - SERVICE INSPECTION,CONVENTIONAL NOVA - B SERVICE,588695,4554,6103,2018 - CONVENTIONAL NOVA - 6103,DRT RALEIGH GARAGE,ODOMETER,584141,ACTIVE,OPERATING,1200004,10000,1000,,,,0,0,,0
TRANSIT,TR-WESTNEY-WO,PM37201,4100 - SERVICE INSPECTION,ADMIN - A SERVICE,116832,4615,4100,2019 - FORD ESCAPE - 4100,DRT WESTNEY GARAGE,ODOMETER,112217,ACTIVE,OPERATING,1200331,5000,1000,,,,0,0,,0
TRANSIT,TR-WESTNEY-WO,PM36473,8527 - SERVICE INSPECTION,CONVENTIONAL NEW FLYER - A SERVICE,1116507,4852,8527,2012 - CONVENTIONAL NEW FLYER - 8527,DRT WESTNEY GARAGE,ODOMETER,1111655,ACTIVE,OPERATING,1200119,10000,1000,,,,0,0,,0
TRANSIT,TR-WESTNEY-WO,PM36017,6104 - SERVICE INSPECTION,CONVENTIONAL NOVA - B SERVICE,536349,4864,6104,2018 - CONVENTIONAL NOVA - 6104,DRT WESTNEY GARAGE,ODOMETER,531485,ACTIVE,OPERATING,1200005,10000,1000,,,,0,0,,0
TRANSIT,TR-RALEIGH-WO,PM37207,4103 - SERVICE INSPECTION,ADMIN - B SERVICE,49254,4904,4103,2019 - FORD F-350 - 4103,DRT RALEIGH GARAGE,ODOMETER,44350,ACTIVE,OPERATING,1200334,5000,1000,,,,0,0,,0
TRANSIT,TR-RALEIGH-WO,PM36601,8562 - SERVICE INSPECTION,CONVENTIONAL NOVA - A SERVICE,726172,4926,8562,2016 - CONVENTIONAL NOVA LFS- 8562,DRT RALEIGH GARAGE,ODOMETER,721246,ACTIVE,OPERATING,1200151,10000,1000,,,,0,0,,0
TRANSIT,TR-WESTNEY-WO,PM37416,4106 - SERVICE INSPECTION,ADMIN - A SERVICE,90666,5000,4106,2022 - HYUNDAI TUCSON - HYBRID - 4106,DRT WESTNEY GARAGE,ODOMETER,85666,ACTIVE,OPERATING,1200450,5000,1000,,,,0,0,,0
TRANSIT,TR-WESTNEY-WO,PM37418,4107 - SERVICE INSPECTION,ADMIN - A SERVICE,93046,5000,4107,2022 - HYUNDAI TUCSON - HYBRID - 4107,DRT WESTNEY GARAGE,ODOMETER,88046,ACTIVE,OPERATING,1200451,5000,1000,,,,0,0,,0
TRANSIT,TR-WESTNEY-WO,PM36829,8710 - SERVICE INSPECTION,ADMIN - A SERVICE,128135,5000,8710,2013 - FORD 350 - PICK UP - 8710,DRT WESTNEY GARAGE,ODOMETER,123135,ACTIVE,OPERATING,1200208,5000,1000,,,,0,0,,0
TRANSIT,TR-RALEIGH-WO,PM36857,8765 - SERVICE INSPECTION,ADMIN - A SERVICE,38262,5000,8765,2014 - MOBILITY VENTURES / MV-1 DX - 8765,DRT RALEIGH GARAGE,ODOMETER,33262,ACTIVE,OPERATING,1200215,5000,1000,,,,0,0,,0
TRANSIT,TR-WESTNEY-WO,PM36493,8532 - SERVICE INSPECTION,CONVENTIONAL NEW FLYER - A SERVICE,1111658,5064,8532,2012 - CONVENTIONAL NEW FLYER - 8532,DRT WESTNEY GARAGE,ODOMETER,1106594,ACTIVE,OPERATING,1200124,10000,1000,,,,0,0,,0
TRANSIT,TR-WESTNEY-WO,PM62122,6126 - SERVICE INSPECTIONS,CONVENTIONAL NOVA HYBRID - C SERVICE,231763,5084,6126,2022 - CONVENTIONAL NOVA HYBRID - 6126,DRT WESTNEY GARAGE,ODOMETER,226679,ACTIVE,OPERATING,1540693,10000,1000,,,,0,0,,0
TRANSIT,TR-RALEIGH-WO,PM37069,6119 - SERVICE INSPECTION,CONVENTIONAL NOVA - A SERVICE,446374,5125,6119,2020 - CONVENTIONAL NOVA - 6119,DRT RALEIGH GARAGE,ODOMETER,441249,ACTIVE,OPERATING,1200302,10000,1000,,,,0,0,,0
TRANSIT,TR-RALEIGH-WO,PM36393,8507 - SERVICE INSPECTION,CONVENTIONAL NEW FLYER - A SERVICE,1152906,5167,8507,2011 - CONVENTIONAL NEW FLYER - 8507,DRT RALEIGH GARAGE,ODOMETER,1147739,ACTIVE,OPERATING,1200099,10000,1000,,,,0,0,,0
TRANSIT,TR-RALEIGH-WO,PM36709,8589 - SERVICE INSPECTION,CONVENTIONAL NOVA - A SERVICE,608315,5181,8589,2017 - CONVENTIONAL NOVA LFS- 8589,DRT RALEIGH GARAGE,ODOMETER,603134,ACTIVE,OPERATING,1200178,10000,1000,,,,0,0,,0
TRANSIT,TR-WESTNEY-WO,PM36373,8502 - SERVICE INSPECTION,CONVENTIONAL NEW FLYER - A SERVICE,1121054,5191,8502,2011 - CONVENTIONAL NEW FLYER - 8502,DRT WESTNEY GARAGE,ODOMETER,1115863,ACTIVE,OPERATING,1200094,10000,1000,,,,0,0,,0
TRANSIT,TR-WESTNEY-WO,PM36361,8472 - SERVICE INSPECTION,CONVENTIONAL NEW FLYER - D SERVICE,1003715,5203,8472,2010 - CONVENTIONAL NEW FLYER - 8472,DRT WESTNEY GARAGE,ODOMETER,998512,ACTIVE,OPERATING,1200091,10000,1000,,,,0,0,,0
TRANSIT,TR-RALEIGH-WO,PM37065,6118 - SERVICE INSPECTION,CONVENTIONAL NOVA - A SERVICE,423672,5315,6118,2020 - CONVENTIONAL NOVA - 6118,DRT RALEIGH GARAGE,ODOMETER,418357,ACTIVE,OPERATING,1200301,10000,1000,,,,0,0,,0
TRANSIT,TR-RALEIGH-WO,PM65095,6133 - SERVICE INSPECTION,CONVENTIONAL NOVA - A SERVICE,52626,5411,6133,2024 - ELECTRIC NOVA - 6133,DRT RALEIGH GARAGE,ODOMETER,47215,ACTIVE,OPERATING,1568057,10000,1000,,,,0,0,,0
TRANSIT,TR-WESTNEY-WO,PM64594,6146 - SERVICE INSPECTION,CONVENTIONAL NOVA - A SERVICE,166929,5569,6146,2024 - CONVENTIONAL NOVA - 6146,DRT WESTNEY GARAGE,ODOMETER,161360,ACTIVE,OPERATING,1566105,10000,1000,,,,0,0,,0
TRANSIT,TR-WESTNEY-WO,PM36425,8515 - SERVICE INSPECTION,CONVENTIONAL NEW FLYER - A SERVICE,1251923,5661,8515,2011 - CONVENTIONAL NEW FLYER - 8515,DRT WESTNEY GARAGE,ODOMETER,1246262,ACTIVE,OPERATING,1200107,10000,1000,,,,0,0,,0
TRANSIT,TR-RALEIGH-WO,PM37045,6113 - SERVICE INSPECTION,CONVENTIONAL NOVA - D SERVICE,561861,5672,6113,2019 - CONVENTIONAL NOVA - 6113,DRT RALEIGH GARAGE,ODOMETER,556189,ACTIVE,OPERATING,1200296,10000,1000,,,,0,0,,0
TRANSIT,TR-RALEIGH-WO,PM36641,8572 - SERVICE INSPECTION,CONVENTIONAL NOVA - A SERVICE,842790,5672,8572,2017 - CONVENTIONAL NOVA - 8572,DRT RALEIGH GARAGE,ODOMETER,837118,ACTIVE,OPERATING,1200161,10000,1000,,,,0,0,,0
TRANSIT,TR-RALEIGH-WO,PM36681,8582 - SERVICE INSPECTION,CONVENTIONAL NOVA - D SERVICE,690208,5708,8582,2017 - CONVENTIONAL NOVA  - 8582,DRT RALEIGH GARAGE,ODOMETER,684500,ACTIVE,OPERATING,1200171,10000,1000,,,,0,0,,0
TRANSIT,TR-RALEIGH-WO,PM36637,8571 - SERVICE INSPECTION,CONVENTIONAL NOVA - A SERVICE,730302,5720,8571,2017 - CONVENTIONAL NOVA  - 8571,DRT RALEIGH GARAGE,ODOMETER,724582,ACTIVE,OPERATING,1200160,10000,1000,,,,0,0,,0
TRANSIT,TR-RALEIGH-WO,PM37360,7112 - SERVICE INSPECTION,CONVENTIONAL NOVA - B SERVICE,391397,5756,7112,2021 - CONVENTIONAL NOVA - 7112,DRT RALEIGH GARAGE,ODOMETER,385641,ACTIVE,OPERATING,1200436,10000,1000,,,,0,0,,0
TRANSIT,TR-WESTNEY-WO,PM64622,6156 - SERVICE INSPECTION,CONVENTIONAL NOVA - D SERVICE,90989,6069,6156,2024 - CONVENTIONAL NOVA - 6156,DRT WESTNEY GARAGE,ODOMETER,84920,ACTIVE,OPERATING,1568403,10000,1000,,,,0,0,,0
TRANSIT,TR-WESTNEY-WO,PM64586,6143 - SERVICE INSPECTION,CONVENTIONAL NOVA - B SERVICE,174837,6137,6143,2024 - CONVENTIONAL NOVA - 6143,DRT WESTNEY GARAGE,ODOMETER,168700,ACTIVE,OPERATING,1566331,10000,1000,,,,0,0,,0
TRANSIT,TR-WESTNEY-WO,PM64606,6152 - SERVICE INSPECTION,CONVENTIONAL NOVA - A SERVICE,104293,6152,6152,2024 - CONVENTIONAL NOVA - 6152,DRT WESTNEY GARAGE,ODOMETER,98141,ACTIVE,OPERATING,1568400,10000,1000,,,,0,0,,0
TRANSIT,TR-RALEIGH-WO,PM36801,8623 - SERVICE INSPECTION,CONVENTIONAL NEW FLYER - B SERVICE,1041217,6396,8623,2012 - CONVENTIONAL NEW FLYER- 8623,DRT RALEIGH GARAGE,ODOMETER,1034821,ACTIVE,OPERATING,1200201,10000,1000,,,,0,0,,0
TRANSIT,TR-WESTNEY-WO,PM36781,8618 - SERVICE INSPECTION,CONVENTIONAL NEW FLYER - A SERVICE,991090,6435,8618,2012 - CONVENTIONAL NEW FLYER- 8618,DRT WESTNEY GARAGE,ODOMETER,984655,ACTIVE,OPERATING,1200196,10000,1000,,,,0,0,,0
TRANSIT,TR-WESTNEY-WO,PM64582,6140 - SERVICE INSPECTION,CONVENTIONAL NOVA - A SERVICE,180987,6463,6140,2024 - CONVENTIONAL NOVA - 6140,DRT WESTNEY GARAGE,ODOMETER,174524,ACTIVE,OPERATING,1566103,10000,1000,,,,0,0,,0
TRANSIT,TR-RALEIGH-WO,PM63248,7124 - SERVICE INSPECTION,CONVENTIONAL NOVA - A SERVICE,284980,6486,7124,2023 - CONVENTIONAL NOVA - 7124,DRT RALEIGH GARAGE,ODOMETER,278494,ACTIVE,OPERATING,1558546,10000,1000,,,,0,0,,0
TRANSIT,TR-WESTNEY-WO,PM62593,7123 - SERVICE INSPECTION,CONVENTIONAL NOVA - A SERVICE,259435,6588,7123,2023 - CONVENTIONAL NOVA - 7123,DRT WESTNEY GARAGE,ODOMETER,252847,ACTIVE,OPERATING,1558194,10000,1000,,,,0,0,,0
TRANSIT,TR-RALEIGH-WO,PM64362,6131 - SERVICE INSPECTION,CONVENTIONAL NOVA - A SERVICE,50521,6621,6131,2024 - ELECTRIC NOVA - 6131,DRT RALEIGH GARAGE,ODOMETER,43900,ACTIVE,OPERATING,1567162,10000,1000,,,,0,0,,0
TRANSIT,TR-RALEIGH-WO,PM64378,6145 - SERVICE INSPECTION,CONVENTIONAL NOVA - B SERVICE,161643,6622,6145,2024 - CONVENTIONAL NOVA - 6145,DRT RALEIGH GARAGE,ODOMETER,155021,ACTIVE,OPERATING,1567295,10000,1000,,,,0,0,,0
TRANSIT,TR-WESTNEY-WO,PM37372,7115 - SERVICE INSPECTION,CONVENTIONAL NOVA - C SERVICE,415754,6630,7115,2021 - CONVENTIONAL NOVA - 7115,DRT WESTNEY GARAGE,ODOMETER,409124,ACTIVE,OPERATING,1200439,10000,1000,,,,0,0,,0
TRANSIT,TR-RALEIGH-WO,PM36733,8606 - SERVICE INSPECTION,CONVENTIONAL NEW FLYER - B SERVICE,1079355,6675,8606,2012 - CONVENTIONAL NEW FLYER- 8606,DRT RALEIGH GARAGE,ODOMETER,1072680,ACTIVE,OPERATING,1200184,10000,1000,,,,0,0,,0
TRANSIT,TR-WESTNEY-WO,PM36377,8503 - SERVICE INSPECTION,CONVENTIONAL NEW FLYER - D SERVICE,1195352,6682,8503,2011 - CONVENTIONAL NEW FLYER - 8503,DRT WESTNEY GARAGE,ODOMETER,1188670,ACTIVE,OPERATING,1200095,10000,1000,,,,0,0,,0
TRANSIT,TR-RALEIGH-WO,PM36725,8604 - SERVICE INSPECTION,CONVENTIONAL NEW FLYER - A SERVICE,1027666,6689,8604,2012 - CONVENTIONAL NEW FLYER- 8604,DRT RALEIGH GARAGE,ODOMETER,1020977,ACTIVE,OPERATING,1200182,10000,1000,,,,0,0,,0
TRANSIT,TR-RALEIGH-WO,PM64366,6139 - SERVICE INSPECTION,CONVENTIONAL NOVA - B SERVICE,145510,6766,6139,2024 - CONVENTIONAL NOVA - 6139,DRT RALEIGH GARAGE,ODOMETER,138744,ACTIVE,OPERATING,1566603,10000,1000,,,,0,0,,0
TRANSIT,TR-WESTNEY-WO,PM61484,7118 - SERVICE INSPECTION,CONVENTIONAL NOVA - A SERVICE,362510,7019,7118,2022 - CONVENTIONAL NOVA - 7118,DRT WESTNEY GARAGE,ODOMETER,355491,ACTIVE,OPERATING,1250290,10000,1000,,,,0,0,,0
TRANSIT,TR-WESTNEY-WO,PM36417,8513 - SERVICE INSPECTION,CONVENTIONAL NEW FLYER - A SERVICE,1127527,7375,8513,2011 - CONVENTIONAL NEW FLYER - 8513,DRT WESTNEY GARAGE,ODOMETER,1120152,ACTIVE,OPERATING,1200105,10000,1000,,,,0,0,,0
TRANSIT,TR-RALEIGH-WO,PM36661,8577 - SERVICE INSPECTION,CONVENTIONAL NOVA - B SERVICE,775570,7698,8577,2017 - CONVENTIONAL NOVA  - 8577,DRT RALEIGH GARAGE,ODOMETER,767872,ACTIVE,OPERATING,1200166,10000,1000,,,,0,0,,0
TRANSIT,TR-WESTNEY-WO,PM36769,8615 - SERVICE INSPECTION,CONVENTIONAL NEW FLYER - A SERVICE,941070,7701,8615,2012 - CONVENTIONAL NEW FLYER- 8615,DRT WESTNEY GARAGE,ODOMETER,933369,ACTIVE,OPERATING,1200193,10000,1000,,,,0,0,,0
TRANSIT,TR-WESTNEY-WO,PM62096,6120 - SERVICE INSPECTION,CONVENTIONAL NOVA HYBRID - A SERVICE,274896,7726,6120,2022 - CONVENTIONAL NOVA HYBRID - 6120,DRT WESTNEY GARAGE,ODOMETER,267170,ACTIVE,OPERATING,1540685,10000,1000,,,,0,0,,0
TRANSIT,TR-RALEIGH-WO,PM36697,8586 - SERVICE INSPECTION,CONVENTIONAL NOVA - A SERVICE,702484,7813,8586,2017 - CONVENTIONAL NOVA  - 8586,DRT RALEIGH GARAGE,ODOMETER,694671,ACTIVE,OPERATING,1200175,10000,1000,,,,0,0,,0
TRANSIT,TR-WESTNEY-WO,PM36553,8547 - SERVICE INSPECTION,CONVENTIONAL NEW FLYER - A SERVICE,889167,7886,8547,2014 - CONVENTIONAL NEW FLYER - 8547,DRT WESTNEY GARAGE,ODOMETER,881281,ACTIVE,OPERATING,1200139,10000,1000,,,,0,0,,0
TRANSIT,TR-RALEIGH-WO,PM36673,8580 - SERVICE INSPECTION,CONVENTIONAL NOVA - B SERVICE,617746,7917,8580,2017 - CONVENTIONAL NOVA  - 8580,DRT RALEIGH GARAGE,ODOMETER,609829,ACTIVE,OPERATING,1200169,10000,1000,,,,0,0,,0
TRANSIT,TR-WESTNEY-WO,PM36797,8622 - SERVICE INSPECTION,CONVENTIONAL NEW FLYER - D SERVICE,1001770,7939,8622,2012 - CONVENTIONAL NEW FLYER- 8622,DRT WESTNEY GARAGE,ODOMETER,993831,ACTIVE,OPERATING,1200200,10000,1000,,,,0,0,,0
TRANSIT,TR-RALEIGH-WO,PM64467,6135 - SERVICE INSPECTION,CONVENTIONAL NOVA - C SERVICE,40366,8025,6135,2024 - ELECTRIC NOVA - 6135,DRT RALEIGH GARAGE,ODOMETER,32341,ACTIVE,OPERATING,1567923,10000,1000,,,,0,0,,0
TRANSIT,TR-RALEIGH-WO,PM36653,8575 - SERVICE INSPECTION,CONVENTIONAL NOVA - D SERVICE,863113,8138,8575,2017 - CONVENTIONAL NOVA  - 8575,DRT RALEIGH GARAGE,ODOMETER,854975,ACTIVE,OPERATING,1200164,10000,1000,,,,0,0,,0
TRANSIT,TR-RALEIGH-WO,PM36561,8552 - SERVICE INSPECTION,CONVENTIONAL NOVA - A SERVICE,791778,8143,8552,2015 - CONVENTIONAL NOVA LFS- 8552,DRT RALEIGH GARAGE,ODOMETER,783635,ACTIVE,OPERATING,1200141,10000,1000,,,,0,0,,0
TRANSIT,TR-WESTNEY-WO,PM62123,6127 - SERVICE INSPECTIONS,CONVENTIONAL NOVA HYBRID - A SERVICE,290142,8332,6127,2022 - CONVENTIONAL NOVA HYBRID - 6127,DRT WESTNEY GARAGE,ODOMETER,281810,ACTIVE,OPERATING,1540694,10000,1000,,,,0,0,,0
TRANSIT,TR-RALEIGH-WO,PM37089,9104 - SERVICE INSPECTION,NOVA ARTICULATED CONVENTIONAL  - D SERVICE,368280,8338,9104,2020 - CONVENTIONAL NOVA ARTICULATED - 9104,DRT RALEIGH GARAGE,ODOMETER,359942,ACTIVE,OPERATING,1200307,10000,1000,,,,0,0,,0
TRANSIT,TR-WESTNEY-WO,PM37384,7105 - SERVICE INSPECTION,CONVENTIONAL NOVA - B SERVICE,426234,8346,7105,2021 - CONVENTIONAL NOVA - 7105,DRT WESTNEY GARAGE,ODOMETER,417888,ACTIVE,OPERATING,1200442,10000,1000,,,,0,0,,0
TRANSIT,TR-RALEIGH-WO,PM36481,8529 - SERVICE INSPECTION,CONVENTIONAL NEW FLYER - A SERVICE,1164991,8493,8529,2012 - CONVENTIONAL NEW FLYER - 8529,DRT RALEIGH GARAGE,ODOMETER,1156498,ACTIVE,OPERATING,1200121,10000,1000,,,,0,0,,0
TRANSIT,TR-RALEIGH-WO,PM64373,6149 - SERVICE INSPECTION,CONVENTIONAL NOVA - B SERVICE,147157,8523,6149,2024 - CONVENTIONAL NOVA - 6149,DRT RALEIGH GARAGE,ODOMETER,138634,ACTIVE,OPERATING,1566604,10000,1000,,,,0,0,,0
TRANSIT,TR-RALEIGH-WO,PM36061,7102 - SERVICE INSPECTION,CONVENTIONAL NOVA - B SERVICE,506052,8533,7102,2018 - CONVENTIONAL NOVA - 7102,DRT RALEIGH GARAGE,ODOMETER,497519,ACTIVE,OPERATING,1200316,10000,1000,,,,0,0,,0
TRANSIT,TR-WESTNEY-WO,PM36381,8504 - SERVICE INSPECTION,CONVENTIONAL NEW FLYER - B SERVICE,1222474,8566,8504,2011 - CONVENTIONAL NEW FLYER - 8504,DRT WESTNEY GARAGE,ODOMETER,1213908,ACTIVE,OPERATING,1200096,10000,1000,,,,0,0,,0
TRANSIT,TR-WESTNEY-WO,PM62125,6129 - SERVICE INSPECTIONS,CONVENTIONAL NOVA HYBRID - D SERVICE,292273,8589,6129,2022 - CONVENTIONAL NOVA HYBRID - 6129,DRT WESTNEY GARAGE,ODOMETER,283684,ACTIVE,OPERATING,1540696,10000,1000,,,,0,0,,0
TRANSIT,TR-WESTNEY-WO,PM36005,6101 - SERVICE INSPECTION,CONVENTIONAL NOVA - C SERVICE,554281,8633,6101,2018 - CONVENTIONAL NOVA - 6101,DRT WESTNEY GARAGE,ODOMETER,545648,ACTIVE,OPERATING,1200002,10000,1000,,,,0,0,,0
TRANSIT,TR-RALEIGH-WO,PM36053,7100 - SERVICE INSPECTION,CONVENTIONAL NOVA - A SERVICE,546326,8675,7100,2018 - CONVENTIONAL NOVA - 7100,DRT RALEIGH GARAGE,ODOMETER,537651,ACTIVE,OPERATING,1200314,10000,1000,,,,0,0,,0
TRANSIT,TR-WESTNEY-WO,PM36765,8614 - SERVICE INSPECTION,CONVENTIONAL NEW FLYER - B SERVICE,988835,8703,8614,2012 - CONVENTIONAL NEW FLYER- 8614,DRT WESTNEY GARAGE,ODOMETER,980132,ACTIVE,OPERATING,1200192,10000,1000,,,,0,0,,0
TRANSIT,TR-WESTNEY-WO,PM36757,8612 - SERVICE INSPECTION,CONVENTIONAL NEW FLYER - B SERVICE,1043639,8748,8612,2012 - CONVENTIONAL NEW FLYER- 8612,DRT WESTNEY GARAGE,ODOMETER,1034891,ACTIVE,OPERATING,1200190,10000,1000,,,,0,0,,0
TRANSIT,TR-WESTNEY-WO,PM64614,6154 - SERVICE INSPECTION,CONVENTIONAL NOVA - D SERVICE,94346,8756,6154,2024 - CONVENTIONAL NOVA - 6154,DRT WESTNEY GARAGE,ODOMETER,85590,ACTIVE,OPERATING,1568401,10000,1000,,,,0,0,,0
TRANSIT,TR-WESTNEY-WO,PM62119,6123 - SERVICE INSPECTIONS,CONVENTIONAL NOVA HYBRID - B SERVICE,158926,8872,6123,2022 - CONVENTIONAL NOVA HYBRID - 6123,DRT WESTNEY GARAGE,ODOMETER,150054,ACTIVE,OPERATING,1540690,10000,1000,,,,0,0,,0
TRANSIT,TR-WESTNEY-WO,PM36773,8616 - SERVICE INSPECTION,CONVENTIONAL NEW FLYER - A SERVICE,1037860,8960,8616,2012 - CONVENTIONAL NEW FLYER- 8616,DRT WESTNEY GARAGE,ODOMETER,1028900,ACTIVE,OPERATING,1200194,10000,1000,,,,0,0,,0
TRANSIT,TR-WESTNEY-WO,PM37408,8430 - SERVICE INSPECTION,CONVENTIONAL NOVA - B SERVICE,598005,9022,8430,2006 - CONVENTIONAL NEW FLYER - 8430,DRT WESTNEY GARAGE,ODOMETER,588983,ACTIVE,OPERATING,1200448,10000,1000,,,,0,0,,0
TRANSIT,TR-WESTNEY-WO,PM61475,7120 - SERVICE INSPECTION,CONVENTIONAL NOVA - A SERVICE,381544,9072,7120,2022 - CONVENTIONAL NOVA - 7120,DRT WESTNEY GARAGE,ODOMETER,372472,ACTIVE,OPERATING,1250281,10000,1000,,,,0,0,,0
TRANSIT,TR-RALEIGH-WO,PM36573,8555 - SERVICE INSPECTION,CONVENTIONAL NOVA - C SERVICE,796663,9131,8555,2015 - CONVENTIONAL NOVA LFS- 8555,DRT RALEIGH GARAGE,ODOMETER,787532,ACTIVE,OPERATING,1200144,10000,1000,,,,0,0,,0
TRANSIT,TR-WESTNEY-WO,PM36545,8545 - SERVICE INSPECTION,CONVENTIONAL NEW FLYER - A SERVICE,919487,9155,8545,2014 - CONVENTIONAL NEW FLYER - 8545,DRT WESTNEY GARAGE,ODOMETER,910332,ACTIVE,OPERATING,1200137,10000,1000,,,,0,0,,0
TRANSIT,TR-WESTNEY-WO,PM36413,8512 - SERVICE INSPECTION,CONVENTIONAL NEW FLYER - B SERVICE,1199912,9199,8512,2011 - CONVENTIONAL NEW FLYER - 8512,DRT WESTNEY GARAGE,ODOMETER,1190713,ACTIVE,OPERATING,1200104,10000,1000,,,,0,0,,0
TRANSIT,TR-RALEIGH-WO,PM36501,8534 - SERVICE INSPECTION,CONVENTIONAL NEW FLYER - B SERVICE,1145808,9277,8534,2012 - CONVENTIONAL NEW FLYER - 8534,DRT RALEIGH GARAGE,ODOMETER,1136531,ACTIVE,OPERATING,1200126,10000,1000,,,,0,0,,0
TRANSIT,TR-WESTNEY-WO,PM36469,8526 - SERVICE INSPECTION,CONVENTIONAL NEW FLYER - A SERVICE,1107827,9281,8526,2012 - CONVENTIONAL NEW FLYER - 8526,DRT WESTNEY GARAGE,ODOMETER,1098546,ACTIVE,OPERATING,1200118,10000,1000,,,,0,0,,0
TRANSIT,TR-RALEIGH-WO,PM36405,8510 - SERVICE INSPECTION,CONVENTIONAL NEW FLYER - A SERVICE,1125027,9342,8510,2011 - CONVENTIONAL NEW FLYER - 8510,DRT RALEIGH GARAGE,ODOMETER,1115685,ACTIVE,OPERATING,1200102,10000,1000,,,,0,0,,0
TRANSIT,TR-RALEIGH-WO,PM64372,6147 - SERVICE INSPECTION,CONVENTIONAL NOVA - A SERVICE,168711,9404,6147,2024 - CONVENTIONAL NOVA - 6147,DRT RALEIGH GARAGE,ODOMETER,159307,ACTIVE,OPERATING,1567285,10000,1000,,,,0,0,,0
TRANSIT,TR-RALEIGH-WO,PM36805,8624 - SERVICE INSPECTION,CONVENTIONAL NEW FLYER - B SERVICE,1051495,9426,8624,2012 - CONVENTIONAL NEW FLYER- 8624,DRT RALEIGH GARAGE,ODOMETER,1042069,ACTIVE,OPERATING,1200202,10000,1000,,,,0,0,,0
TRANSIT,TR-RALEIGH-WO,PM64533,6130 - SERVICE INSPECTION,CONVENTIONAL NOVA - C SERVICE,38446,9490,6130,2024 - ELECTRIC NOVA - 6130,DRT RALEIGH GARAGE,ODOMETER,28956,ACTIVE,OPERATING,1568054,10000,1000,,,,0,0,,0
TRANSIT,TR-WESTNEY-WO,PM36001,6100 - SERVICE INSPECTION,CONVENTIONAL NOVA - A SERVICE,567740,9532,6100,2018 - CONVENTIONAL NOVA - 6100,DRT WESTNEY GARAGE,ODOMETER,558208,ACTIVE,OPERATING,1200001,10000,1000,,,,0,0,,0
TRANSIT,TR-RALEIGH-WO,PM37053,6115 - SERVICE INSPECTION,CONVENTIONAL NOVA - B SERVICE,521019,9537,6115,2019 - CONVENTIONAL NOVA - 6115,DRT RALEIGH GARAGE,ODOMETER,511482,ACTIVE,OPERATING,1200298,10000,1000,,,,0,0,,0
TRANSIT,TR-WESTNEY-WO,PM64618,6155 - SERVICE INSPECTION,CONVENTIONAL NOVA - A SERVICE,106815,9572,6155,2024 - CONVENTIONAL NOVA - 6155,DRT WESTNEY GARAGE,ODOMETER,97243,ACTIVE,OPERATING,1568402,10000,1000,,,,0,0,,0
TRANSIT,TR-WESTNEY-WO,PM64602,6151 - SERVICE INSPECTION,CONVENTIONAL NOVA - A SERVICE,103048,9728,6151,2024 - CONVENTIONAL NOVA - 6151,DRT WESTNEY GARAGE,ODOMETER,93320,ACTIVE,OPERATING,1568399,10000,1000,,,,0,0,,0
TRANSIT,TR-WESTNEY-WO,PM62121,6125 - SERVICE INSPECTIONS,CONVENTIONAL NOVA HYBRID - A SERVICE,295769,9784,6125,2022 - CONVENTIONAL NOVA HYBRID - 6125,DRT WESTNEY GARAGE,ODOMETER,285985,ACTIVE,OPERATING,1540692,10000,1000,,,,0,0,,0
TRANSIT,TR-RALEIGH-WO,PM36657,8576 - SERVICE INSPECTION,CONVENTIONAL NOVA - A SERVICE,722333,9788,8576,2017 - CONVENTIONAL NOVA  - 8576,DRT RALEIGH GARAGE,ODOMETER,712545,ACTIVE,OPERATING,1200165,10000,1000,,,,0,0,,0
TRANSIT,TR-RALEIGH-WO,PM36693,8585 - SERVICE INSPECTION,CONVENTIONAL NOVA - B SERVICE,719557,9813,8585,2017 - CONVENTIONAL NOVA  - 8585,DRT RALEIGH GARAGE,ODOMETER,709744,ACTIVE,OPERATING,1200174,10000,1000,,,,0,0,,0
TRANSIT,TR-WESTNEY-WO,PM64598,6148 - SERVICE INSPECTION,CONVENTIONAL NOVA - B SERVICE,171850,9891,6148,2024 - CONVENTIONAL NOVA - 6148,DRT WESTNEY GARAGE,ODOMETER,161959,ACTIVE,OPERATING,1566120,10000,1000,,,,0,0,,0
TRANSIT,TR-RALEIGH-WO,PM36565,8553 - SERVICE INSPECTION,CONVENTIONAL NOVA - D SERVICE,841455,9967,8553,2015 - CONVENTIONAL NOVA LFS- 8553,DRT RALEIGH GARAGE,ODOMETER,831488,ACTIVE,OPERATING,1200142,10000,1000,,,,0,0,,0
TRANSIT,TR-RALEIGH-WO,PM36589,8559 - SERVICE INSPECTION,CONVENTIONAL NOVA - A SERVICE,811778,9994,8559,2015 - CONVENTIONAL NOVA LFS- 8559,DRT RALEIGH GARAGE,ODOMETER,801784,ACTIVE,OPERATING,1200148,10000,1000,,,,0,0,,0
TRANSIT,TR-WESTNEY-WO,PM62120,6124 - SERVICE INSPECTIONS,CONVENTIONAL NOVA HYBRID - D SERVICE,274944,10000,6124,2022 - CONVENTIONAL NOVA HYBRID - 6124,DRT WESTNEY GARAGE,ODOMETER,264944,ACTIVE,OPERATING,1540691,10000,1000,,,,0,0,,0
TRANSIT,TR-RALEIGH-WO,PM64463,6132 - SERVICE INSPECTION,CONVENTIONAL NOVA - A SERVICE,52421,10000,6132,2024 - ELECTRIC NOVA  - 6132,DRT RALEIGH GARAGE,ODOMETER,42421,ACTIVE,OPERATING,1567922,10000,1000,,,,0,0,,0
TRANSIT,TR-WESTNEY-WO,PM36065,7103 - SERVICE INSPECTION,CONVENTIONAL NOVA - B SERVICE,479592,10000,7103,2018 - CONVENTIONAL NOVA - 7103,DRT WESTNEY GARAGE,ODOMETER,469592,ACTIVE,OPERATING,1200017,10000,1000,,,,0,0,,0
TRANSIT,TR-WESTNEY-WO,PM37400,7109 - SERVICE INSPECTION,CONVENTIONAL NOVA - D SERVICE,382035,10000,7109,2021 - CONVENTIONAL NOVA - 7109,DRT WESTNEY GARAGE,ODOMETER,372035,ACTIVE,OPERATING,1200446,10000,1000,,,,0,0,,0
TRANSIT,TR-WESTNEY-WO,PM36385,8505 - SERVICE INSPECTION,CONVENTIONAL NEW FLYER - B SERVICE,1161051,10000,8505,2011 - CONVENTIONAL NEW FLYER - 8505,DRT WESTNEY GARAGE,ODOMETER,1151051,ACTIVE,OPERATING,1200097,10000,1000,,,,0,0,,0
TRANSIT,TR-WESTNEY-WO,PM36421,8514 - SERVICE INSPECTION,CONVENTIONAL NEW FLYER - C SERVICE,1100200,10000,8514,2011 - CONVENTIONAL NEW FLYER - 8514,DRT WESTNEY GARAGE,ODOMETER,1090200,ACTIVE,OPERATING,1200106,10000,1000,,,,0,0,,0
TRANSIT,TR-WESTNEY-WO,PM36457,8523 - SERVICE INSPECTION,CONVENTIONAL NEW FLYER - A SERVICE,1109525,10000,8523,2012 - CONVENTIONAL NEW FLYER - 8523,DRT WESTNEY GARAGE,ODOMETER,1099525,ACTIVE,OPERATING,1200115,10000,1000,,,,0,0,,0
TRANSIT,TR-WESTNEY-WO,PM36485,8530 - SERVICE INSPECTION,CONVENTIONAL NEW FLYER - A SERVICE,1071588,10000,8530,2012 - CONVENTIONAL NEW FLYER - 8530,DRT WESTNEY GARAGE,ODOMETER,1061588,ACTIVE,OPERATING,1200122,10000,1000,,,,0,0,,0
TRANSIT,TR-RALEIGH-WO,PM36701,8587 - SERVICE INSPECTION,CONVENTIONAL NOVA - A SERVICE,694837,10000,8587,2017 - CONVENTIONAL NOVA  - 8587,DRT RALEIGH GARAGE,ODOMETER,684837,ACTIVE,OPERATING,1200176,10000,1000,,,,0,0,,0
TRANSIT,TR-WESTNEY-WO,PM64352,8590 - SERVICE INSPECTION,CONVENTIONAL NEW FLYER - A SERVICE,856177,10000,8590,2014 - CONVENTIONAL NEW FLYER - 8590,DRT WESTNEY GARAGE,ODOMETER,846177,ACTIVE,OPERATING,1566388,10000,1000,,,,0,0,,0
TRANSIT,TR-WESTNEY-WO,PM36793,8621 - SERVICE INSPECTION,CONVENTIONAL NEW FLYER - D SERVICE,982444,10000,8621,2012 - CONVENTIONAL NEW FLYER- 8621,DRT WESTNEY GARAGE,ODOMETER,972444,ACTIVE,OPERATING,1200199,10000,1000,,,,0,0,,0
TRANSIT,TR-RALEIGH-WO,PM37077,9101 - SERVICE INSPECTION,NOVA ARTICULATED CONVENTIONAL  - D SERVICE,372757,10000,9101,2020 - CONVENTIONAL NOVA ARTICULATED - 9101,DRT RALEIGH GARAGE,ODOMETER,362757,ACTIVE,OPERATING,1200304,10000,1000,,,,0,0,,0
TRANSIT,TR-RALEIGH-WO,PM37348,9106 - SERVICE INSPECTION,NOVA ARTICULATED CONVENTIONAL  - A SERVICE,250199,10000,9106,2021 - CONVENTIONAL NOVA ARTICULATED - 9106,DRT RALEIGH GARAGE,ODOMETER,240199,ACTIVE,OPERATING,1200433,10000,1000,,,,0,0,,0
TRANSIT,TR-WESTNEY-WO,PM64356,8592 - SERVICE INSPECTION,CONVENTIONAL NEW FLYER - A SERVICE,818650,18613,8592,2014 - CONVENTIONAL NEW FLYER - 8592,DRT WESTNEY GARAGE,ODOMETER,800037,ACTIVE,OPERATING,1566391,10000,1000,,,,0,0,,0
